game_id,season,game_type,week,gameday,weekday,gametime,away_team,away_score,home_team,home_score,location,result,total,overtime,old_game_id,gsis,nfl_detail_id,pfr,pff,espn,ftn,away_rest,home_rest,away_moneyline,home_moneyline,spread_line,away_spread_odds,home_spread_odds,total_line,under_odds,over_odds,div_game,roof,surface,temp,wind,away_qb_id,home_qb_id,away_qb_name,home_qb_name,away_coach,home_coach,referee,stadium_id,stadium
2016_01_SD_KC,2016,REG,1,2016-09-11,Sunday,13:00,SD,27,KC,33,Home,6,60,1,2016091104,56906,,201609110kan,4099,400874570,,7,7,244,-275,6.5,-105,-105,45.5,101,-111,1,outdoors,grass,74,9,00-0022942,00-0023436,Philip Rivers,Alex Smith,Mike McCoy,Andy Reid,Jerome Boger,KAN00,Arrowhead Stadium
2026_01_NE_SEA,2026,REG,1,2026-09-09,Wednesday,20:20,NE,,SEA,,Home,,,,2026090900,,,202609090sea,,401872656,,7,7,150,-180,3.5,-118,-102,44.5,-115,-105,0,outdoors,fieldturf,,,00-0039851,00-0034869,Drake Maye,Sam Darnold,Mike Vrabel,Mike Macdonald,,SEA00,Lumen Field
2024_22_KC_PHI,2024,SB,22,2025-02-09,Sunday,18:30,KC,22,PHI,40,Neutral,18,62,0,2025020900,59841,,202502090phi,,401671889,,14,14,-120,100,-1.5,-105,-115,48.5,-105,-115,0,dome,sportturf,,,00-0033873,00-0036389,Patrick Mahomes,Jalen Hurts,Andy Reid,Nick Sirianni,Ron Torbert,NOR00,Mercedes-Benz Superdome
2025_18_CAR_TB,2025,REG,18,2026-01-03,Saturday,16:30,CAR,14,TB,16,Home,2,30,0,2026010300,60114,,202601030tam,28688,401772969,7005,6,6,130,-155,3,-115,-105,43.5,-118,-102,1,outdoors,grass,69,11,00-0039150,00-0034855,Bryce Young,Baker Mayfield,Dave Canales,Todd Bowles,Brad Allen,TAM00,Raymond James Stadium
2024_01_ARI_BUF,2024,REG,1,2024-09-08,Sunday,13:00,ARI,28,BUF,34,Home,6,62,0,2024090801,59511,,202409080buf,,401671617,6452,7,7,250,-310,6.5,-105,-115,46,-112,-108,0,outdoors,a_turf,61,20,00-0035228,00-0034857,Kyler Murray,Josh Allen,Jonathan Gannon,Sean McDermott,Tra Blake,BUF00,New Era Field
2024_01_PIT_ATL,2024,REG,1,2024-09-08,Sunday,13:00,PIT,18,ATL,10,Home,-8,28,0,2024090800,59510,,202409080atl,,401671744,6451,7,7,160,-192,4,-110,-110,43,-115,-105,0,closed,fieldturf,,,00-0036945,00-0029604,Justin Fields,Kirk Cousins,Mike Tomlin,Raheem Morris,Brad Rogers,ATL97,Mercedes-Benz Stadium
2025_01_SF_SEA,2025,REG,1,2025-09-07,Sunday,16:05,SF,17,SEA,13,Home,-4,30,0,2025090709,59854,,202509070sea,28429,401772831,6745,7,7,-135,114,-2.5,-105,-115,43.5,-112,-108,1,outdoors,fieldturf,67,6,00-0037834,00-0034869,Brock Purdy,Sam Darnold,Kyle Shanahan,Mike Macdonald,Shawn Hochuli,SEA00,Lumen Field
2025_01_DAL_PHI,2025,REG,1,2025-09-04,Thursday,20:20,DAL,20,PHI,24,Home,4,44,0,2025090400,59843,,202509040phi,28418,401772510,6734,7,7,330,-425,8.5,-110,-110,47.5,-110,-110,1,outdoors,grass,75,11,00-0033077,00-0036389,Dak Prescott,Jalen Hurts,Brian Schottenheimer,Nick Sirianni,Shawn Smith,PHI00,Lincoln Financial Field
2024_01_NYJ_SF,2024,REG,1,2024-09-09,Monday,20:15,NYJ,19,SF,32,Home,13,51,0,2024090900,59523,,202409090sfo,,401671696,6464,7,7,150,-180,3.5,-115,-105,43,-108,-112,0,outdoors,grass,76,10,00-0023459,00-0037834,Aaron Rodgers,Brock Purdy,Robert Saleh,Kyle Shanahan,Carl Cheffers,SFO01,Levi's Stadium
2024_01_GB_PHI,2024,REG,1,2024-09-06,Friday,20:15,GB,29,PHI,34,Neutral,5,63,0,2024090600,59509,,202409060phi,,401671805,6450,7,7,110,-130,2,-110,-110,49.5,-112,-108,0,outdoors,"",,,00-0036264,00-0036389,Jordan Love,Jalen Hurts,Matt LaFleur,Nick Sirianni,Ron Torbert,SAO00,Arena Corinthians
2024_01_BAL_KC,2024,REG,1,2024-09-05,Thursday,20:20,BAL,20,KC,27,Home,7,47,0,2024090500,59508,,202409050kan,,401671789,6449,7,7,124,-148,3,-118,-102,46,-110,-110,0,outdoors,grass,67,8,00-0034796,00-0033873,Lamar Jackson,Patrick Mahomes,John Harbaugh,Andy Reid,Shawn Hochuli,KAN00,GEHA Field at Arrowhead Stadium
2023_01_DET_KC,2023,REG,1,2023-09-07,Thursday,20:20,DET,21,KC,20,Home,-1,41,0,2023090700,59173,,202309070kan,,401547353,,7,7,164,-198,4,-110,-110,53,-110,-110,0,outdoors,"",,,00-0033106,00-0033873,Jared Goff,Patrick Mahomes,Dan Campbell,Andy Reid,John Hussey,KAN00,GEHA Field at Arrowhead Stadium
2020_01_LV_CAR,2020,REG,1,2020-09-13,Sunday,13:00,LV,34,CAR,30,Home,-4,64,0,2020091303,58172,,202009130car,18536,401220370,5330,7,7,-124,134,-3,-112,-113,48,-101,-110,0,outdoors,grass,81,5,00-0031280,00-0031237,Derek Carr,Teddy Bridgewater,Jon Gruden,Matt Rhule,Brad Allen,CAR00,Bank of America Stadium
2017_04_CHI_GB,2017,REG,4,2017-09-28,Thursday,20:25,CHI,14,GB,35,Home,21,49,0,2017092800,57282,,201709280gnb,7970,400951678,,4,4,,,7.5,,,44,,,1,outdoors,grass,65,5,00-0030520,00-0023459,Mike Glennon,Aaron Rodgers,John Fox,Mike McCarthy,John Hussey,GNB00,Lambeau Field
2016_01_LA_SF,2016,REG,1,2016-09-12,Monday,22:20,LA,0,SF,28,Home,28,28,0,2016091201,56916,,201609120sfo,4109,400874532,,7,7,-126,114,-2.5,-103,-107,44,-106,-104,1,outdoors,grass,66,17,00-0028986,00-0027948,Case Keenum,Blaine Gabbert,Jeff Fisher,Chip Kelly,Bill Vinovich,SFO01,Levi's Stadium
2016_01_OAK_NO,2016,REG,1,2016-09-11,Sunday,13:00,OAK,35,NO,34,Home,-1,69,0,2016091105,56907,,201609110nor,4100,400874543,,7,7,133,-147,2.5,111,-123,50,-104,-106,0,dome,sportturf,,,00-0031280,00-0020531,Derek Carr,Drew Brees,Jack Del Rio,Sean Payton,John Parry,NOR00,Mercedes-Benz Superdome
